hm_rsid	effect_allele	other_allele	beta	standard_error	p_value
rs_demo_01	A	G	0.25	0.03	1e-14
rs_demo_02	A	G	-0.22	0.03	2e-13
rs_demo_03	A	G	0.21	0.03	9e-12
rs_demo_04	A	G	-0.19	0.03	2e-10
rs_demo_05	A	G	0.18	0.03	8e-09
rs_demo_06	A	G	0.02	0.03	0.50
rs_demo_07	A	G	-0.01	0.03	0.74
rs_demo_08	A	G	0.03	0.03	0.29
rs_demo_09	A	G	0.01	0.03	0.76
rs_demo_10	A	G	-0.02	0.03	0.47
rs_demo_11	A	G	0.01	0.03	0.81
rs_demo_12	A	G	-0.03	0.03	0.34
rs_demo_13	A	G	0.00	0.03	0.99
rs_demo_14	A	G	0.02	0.03	0.57
rs_demo_15	A	G	-0.01	0.03	0.69
rs_demo_16	A	G	0.01	0.03	0.80
rs_demo_17	A	G	-0.02	0.03	0.52
rs_demo_18	A	G	0.00	0.03	0.96
rs_demo_19	A	G	0.01	0.03	0.72
rs_demo_20	A	G	-0.01	0.03	0.77
